{
  "project_info": {
    "project_number": "1020004073933",
    "firebase_url": "https://cloud-61970.firebaseio.com",
    "project_id": "cloud-61970",
    "storage_bucket": "cloud-61970.appspot.com"
  },
  "client": [
    {
      "client_info": {
        "mobilesdk_app_id": "1:1020004073933:android:a5ebbd250639f05f754484",
        "android_client_info": {
          "package_name": "unsw.Infs3605.Mydegree"
        }
      },
      "oauth_client": [
        {
          "client_id": "1020004073933-6g7sj51qa5jh4p1mp74sk8mirjd159v4.apps.googleusercontent.com",
          "client_type": 1,
          "android_info": {
            "package_name": "unsw.Infs3605.Mydegree",
            "certificate_hash": "72cf7ea72316a1e52d3858cf0b077f2bafa3b960"
          }
        },
        {
          "client_id": "1020004073933-ql2evlskmr9qfshk6rqho01945ebv211.apps.googleusercontent.com",
          "client_type": 3
        }
      ],
      "api_key": [
        {
          "current_key": "AIzaSyBqXGxWgG_CFW4ydDmPlJTFX_wJxlUNn4E"
        }
      ],
      "services": {
        "appinvite_service": {
          "other_platform_oauth_client": [
            {
              "client_id": "1020004073933-ql2evlskmr9qfshk6rqho01945ebv211.apps.googleusercontent.com",
              "client_type": 3
            }
          ]
        }
      }
    }
  ],
  "configuration_version": "1"
}